<?xml version="1.0" encoding="UTF-8"?>
<!DOCTYPE score-partwise PUBLIC "-//Recordare//DTD MusicXML 2.0 Partwise//EN" "http://www.musicxml.org/dtds/partwise.dtd">
<!-- INFO key="COM" value="	Bach, Johann Sebastian" -->
<!-- INFO key="CDT" value="	1685/02/21/-1750/07/28/" -->
<!-- INFO key="OTL@@DE" value="	Es ist das Heil uns kommen her" -->
<!-- INFO key="SCT" value="	BWV 86/6" -->
<!-- INFO key="PC#" value="	4" -->
<!-- INFO key="AGN" value="	chorale" -->
<score-partwise version="2.0">
	<part-list>
		<score-part id="P1">
			<part-name>soprn</part-name>
		</score-part>
		<score-part id="P2">
			<part-name>alto</part-name>
		</score-part>
		<score-part id="P3">
			<part-name>tenor</part-name>
		</score-part>
		<score-part id="P4">
			<part-name>bass</part-name>
		</score-part>
	</part-list>

	<part id="P1">
		<measure number="1">
			<attributes>
				<divisions>4</divisions>
			</attributes>
			<attributes>
				<clef>
					<sign>G</sign>
					<line>2</line>
				</clef>
			</attributes>
			<attributes>
				<key>
					<fifths>4</fifths>
					<mode>major</mode>
				</key>
			</attributes>
			<attributes>
				<time>
					<beats>4</beats>
					<beat-type>4</beat-type>
				</time>
			</attributes>
			<note>
				<pitch>
					<step>B</step>
					<octave>4</octave>
				</pitch>
				<duration>4</duration>
				<voice>1</voice>
				<type>quarter</type>
				<stem>down</stem>
			</note>
		</measure>
		<measure number="2">
			<note>
				<pitch>
					<step>B</step>
					<octave>4</octave>
				</pitch>
				<duration>4</duration>
				<voice>1</voice>
				<type>quarter</type>
				<stem>down</stem>
			</note>
			<note>
				<pitch>
					<step>B</step>
					<octave>4</octave>
				</pitch>
				<duration>4</duration>
				<voice>1</voice>
				<type>quarter</type>
				<stem>down</stem>
			</note>
			<note>
				<pitch>
					<step>B</step>
					<octave>4</octave>
				</pitch>
				<duration>4</duration>
				<voice>1</voice>
				<type>quarter</type>
				<stem>down</stem>
			</note>
			<note>
				<pitch>
					<step>D</step>
					<octave>5</octave>
				</pitch>
				<duration>4</duration>
				<voice>1</voice>
				<type>quarter</type>
				<accidental>natural</accidental>
				<stem>down</stem>
			</note>
		</measure>
		<measure number="3">
			<note>
				<pitch>
					<step>C</step>
					<alter>1</alter>
					<octave>5</octave>
				</pitch>
				<duration>4</duration>
				<voice>1</voice>
				<type>quarter</type>
				<stem>down</stem>
			</note>
			<note>
				<pitch>
					<step>B</step>
					<octave>4</octave>
				</pitch>
				<duration>4</duration>
				<voice>1</voice>
				<type>quarter</type>
				<stem>down</stem>
			</note>
			<note>
				<pitch>
					<step>A</step>
					<octave>4</octave>
				</pitch>
				<duration>4</duration>
				<voice>1</voice>
				<type>quarter</type>
				<stem>down</stem>
				<notations>
					<fermata type="upright"/>
				</notations>
			</note>
			<note>
				<pitch>
					<step>B</step>
					<octave>4</octave>
				</pitch>
				<duration>4</duration>
				<voice>1</voice>
				<type>quarter</type>
				<stem>down</stem>
			</note>
		</measure>
		<measure number="4">
			<note>
				<pitch>
					<step>G</step>
					<alter>1</alter>
					<octave>4</octave>
				</pitch>
				<duration>4</duration>
				<voice>1</voice>
				<type>quarter</type>
				<stem>down</stem>
			</note>
			<note>
				<pitch>
					<step>E</step>
					<octave>4</octave>
				</pitch>
				<duration>2</duration>
				<voice>1</voice>
				<type>eighth</type>
				<stem>down</stem>
				<beam number="1">begin</beam>
			</note>
			<note>
				<pitch>
					<step>F</step>
					<alter>1</alter>
					<octave>4</octave>
				</pitch>
				<duration>2</duration>
				<voice>1</voice>
				<type>eighth</type>
				<stem>down</stem>
				<beam number="1">end</beam>
			</note>
			<note>
				<pitch>
					<step>G</step>
					<alter>1</alter>
					<octave>4</octave>
				</pitch>
				<duration>4</duration>
				<voice>1</voice>
				<type>quarter</type>
				<stem>down</stem>
			</note>
			<note>
				<pitch>
					<step>A</step>
					<alter>1</alter>
					<octave>4</octave>
				</pitch>
				<duration>4</duration>
				<voice>1</voice>
				<type>quarter</type>
				<accidental>sharp</accidental>
				<stem>down</stem>
			</note>
		</measure>
		<measure number="5">
			<note>
				<pitch>
					<step>B</step>
					<octave>4</octave>
				</pitch>
				<duration>4</duration>
				<voice>1</voice>
				<type>quarter</type>
				<stem>down</stem>
			</note>
			<note>
				<pitch>
					<step>C</step>
					<alter>1</alter>
					<octave>5</octave>
				</pitch>
				<duration>4</duration>
				<voice>1</voice>
				<type>quarter</type>
				<stem>down</stem>
			</note>
			<note>
				<pitch>
					<step>B</step>
					<octave>4</octave>
				</pitch>
				<duration>4</duration>
				<voice>1</voice>
				<type>quarter</type>
				<stem>down</stem>
				<notations>
					<fermata type="upright"/>
				</notations>
			</note>
			<barline>
				<bar-style>light-heavy</bar-style>
				<repeat direction="backward"/>
			</barline>
		</measure>
		<measure number="6">
			<note>
				<pitch>
					<step>B</step>
					<octave>4</octave>
				</pitch>
				<duration>4</duration>
				<voice>1</voice>
				<type>quarter</type>
				<stem>down</stem>
			</note>
		</measure>
		<measure number="7">
			<note>
				<pitch>
					<step>E</step>
					<octave>5</octave>
				</pitch>
				<duration>4</duration>
				<voice>1</voice>
				<type>quarter</type>
				<stem>down</stem>
			</note>
			<note>
				<pitch>
					<step>D</step>
					<alter>1</alter>
					<octave>5</octave>
				</pitch>
				<duration>4</duration>
				<voice>1</voice>
				<type>quarter</type>
				<stem>down</stem>
			</note>
			<note>
				<pitch>
					<step>C</step>
					<alter>1</alter>
					<octave>5</octave>
				</pitch>
				<duration>4</duration>
				<voice>1</voice>
				<type>quarter</type>
				<stem>down</stem>
			</note>
			<note>
				<pitch>
					<step>D</step>
					<alter>1</alter>
					<octave>5</octave>
				</pitch>
				<duration>4</duration>
				<voice>1</voice>
				<type>quarter</type>
				<stem>down</stem>
			</note>
		</measure>
		<measure number="8">
			<note>
				<pitch>
					<step>E</step>
					<octave>5</octave>
				</pitch>
				<duration>2</duration>
				<voice>1</voice>
				<type>eighth</type>
				<stem>down</stem>
				<beam number="1">begin</beam>
			</note>
			<note>
				<pitch>
					<step>D</step>
					<alter>1</alter>
					<octave>5</octave>
				</pitch>
				<duration>2</duration>
				<voice>1</voice>
				<type>eighth</type>
				<stem>down</stem>
				<beam number="1">end</beam>
			</note>
			<note>
				<pitch>
					<step>C</step>
					<alter>1</alter>
					<octave>5</octave>
				</pitch>
				<duration>4</duration>
				<voice>1</voice>
				<type>quarter</type>
				<stem>down</stem>
			</note>
			<note>
				<pitch>
					<step>B</step>
					<octave>4</octave>
				</pitch>
				<duration>4</duration>
				<voice>1</voice>
				<type>quarter</type>
				<stem>down</stem>
				<notations>
					<fermata type="upright"/>
				</notations>
			</note>
			<note>
				<pitch>
					<step>B</step>
					<octave>4</octave>
				</pitch>
				<duration>4</duration>
				<voice>1</voice>
				<type>quarter</type>
				<stem>down</stem>
			</note>
		</measure>
		<measure number="9">
			<note>
				<pitch>
					<step>E</step>
					<octave>5</octave>
				</pitch>
				<duration>4</duration>
				<voice>1</voice>
				<type>quarter</type>
				<stem>down</stem>
			</note>
			<note>
				<pitch>
					<step>B</step>
					<octave>4</octave>
				</pitch>
				<duration>4</duration>
				<voice>1</voice>
				<type>quarter</type>
				<stem>down</stem>
			</note>
			<note>
				<pitch>
					<step>C</step>
					<alter>1</alter>
					<octave>5</octave>
				</pitch>
				<duration>4</duration>
				<voice>1</voice>
				<type>quarter</type>
				<stem>down</stem>
			</note>
			<note>
				<pitch>
					<step>G</step>
					<alter>1</alter>
					<octave>4</octave>
				</pitch>
				<duration>2</duration>
				<voice>1</voice>
				<type>eighth</type>
				<stem>down</stem>
				<beam number="1">begin</beam>
			</note>
			<note>
				<pitch>
					<step>A</step>
					<octave>4</octave>
				</pitch>
				<duration>2</duration>
				<voice>1</voice>
				<type>eighth</type>
				<stem>down</stem>
				<beam number="1">end</beam>
			</note>
		</measure>
		<measure number="10">
			<note>
				<pitch>
					<step>B</step>
					<octave>4</octave>
				</pitch>
				<duration>4</duration>
				<voice>1</voice>
				<type>quarter</type>
				<stem>down</stem>
			</note>
			<note>
				<pitch>
					<step>A</step>
					<octave>4</octave>
				</pitch>
				<duration>4</duration>
				<voice>1</voice>
				<type>quarter</type>
				<stem>down</stem>
			</note>
			<note>
				<pitch>
					<step>G</step>
					<alter>1</alter>
					<octave>4</octave>
				</pitch>
				<duration>4</duration>
				<voice>1</voice>
				<type>quarter</type>
				<stem>down</stem>
				<notations>
					<fermata type="upright"/>
				</notations>
			</note>
			<note>
				<pitch>
					<step>G</step>
					<alter>1</alter>
					<octave>4</octave>
				</pitch>
				<duration>4</duration>
				<voice>1</voice>
				<type>quarter</type>
				<stem>down</stem>
			</note>
		</measure>
		<measure number="11">
			<note>
				<pitch>
					<step>F</step>
					<alter>1</alter>
					<octave>4</octave>
				</pitch>
				<duration>4</duration>
				<voice>1</voice>
				<type>quarter</type>
				<stem>down</stem>
			</note>
			<note>
				<pitch>
					<step>A</step>
					<octave>4</octave>
				</pitch>
				<duration>4</duration>
				<voice>1</voice>
				<type>quarter</type>
				<stem>down</stem>
			</note>
			<note>
				<pitch>
					<step>G</step>
					<alter>1</alter>
					<octave>4</octave>
				</pitch>
				<duration>4</duration>
				<voice>1</voice>
				<type>quarter</type>
				<stem>down</stem>
			</note>
			<note>
				<pitch>
					<step>F</step>
					<alter>1</alter>
					<octave>4</octave>
				</pitch>
				<duration>4</duration>
				<voice>1</voice>
				<type>quarter</type>
				<stem>down</stem>
			</note>
		</measure>
		<measure number="12">
			<note>
				<pitch>
					<step>C</step>
					<alter>1</alter>
					<octave>4</octave>
				</pitch>
				<duration>4</duration>
				<voice>1</voice>
				<type>quarter</type>
				<stem>down</stem>
			</note>
			<note>
				<pitch>
					<step>D</step>
					<alter>1</alter>
					<octave>4</octave>
				</pitch>
				<duration>4</duration>
				<voice>1</voice>
				<type>quarter</type>
				<stem>down</stem>
			</note>
			<note>
				<pitch>
					<step>E</step>
					<octave>4</octave>
				</pitch>
				<duration>4</duration>
				<voice>1</voice>
				<type>quarter</type>
				<stem>down</stem>
				<notations>
					<fermata type="upright"/>
				</notations>
			</note>
		</measure>
	</part>

	<part id="P2">
		<measure number="1">
			<attributes>
				<divisions>4</divisions>
			</attributes>
			<attributes>
				<clef>
					<sign>G</sign>
					<line>2</line>
				</clef>
			</attributes>
			<attributes>
				<key>
					<fifths>4</fifths>
					<mode>major</mode>
				</key>
			</attributes>
			<attributes>
				<time>
					<beats>4</beats>
					<beat-type>4</beat-type>
				</time>
			</attributes>
			<note>
				<pitch>
					<step>G</step>
					<alter>1</alter>
					<octave>4</octave>
				</pitch>
				<duration>4</duration>
				<voice>1</voice>
				<type>quarter</type>
				<stem>down</stem>
			</note>
		</measure>
		<measure number="2">
			<note>
				<pitch>
					<step>F</step>
					<alter>1</alter>
					<octave>4</octave>
				</pitch>
				<duration>2</duration>
				<voice>1</voice>
				<type>eighth</type>
				<stem>down</stem>
				<beam number="1">begin</beam>
			</note>
			<note>
				<pitch>
					<step>G</step>
					<alter>1</alter>
					<octave>4</octave>
				</pitch>
				<duration>2</duration>
				<voice>1</voice>
				<type>eighth</type>
				<stem>down</stem>
				<beam number="1">end</beam>
			</note>
			<note>
				<pitch>
					<step>A</step>
					<octave>4</octave>
				</pitch>
				<duration>4</duration>
				<voice>1</voice>
				<type>quarter</type>
				<stem>down</stem>
			</note>
			<note>
				<pitch>
					<step>G</step>
					<alter>1</alter>
					<octave>4</octave>
				</pitch>
				<duration>4</duration>
				<voice>1</voice>
				<type>quarter</type>
				<stem>down</stem>
			</note>
			<note>
				<pitch>
					<step>F</step>
					<alter>1</alter>
					<octave>4</octave>
				</pitch>
				<duration>4</duration>
				<voice>1</voice>
				<type>quarter</type>
				<stem>down</stem>
			</note>
		</measure>
		<measure number="3">
			<note>
				<pitch>
					<step>E</step>
					<octave>4</octave>
				</pitch>
				<duration>2</duration>
				<voice>1</voice>
				<type>eighth</type>
				<stem>down</stem>
			</note>
			<note>
				<pitch>
					<step>A</step>
					<octave>4</octave>
				</pitch>
				<duration>4</duration>
				<voice>1</voice>
				<type>quarter</type>
				<stem>down</stem>
			</note>
			<note>
				<pitch>
					<step>G</step>
					<alter>1</alter>
					<octave>4</octave>
				</pitch>
				<duration>2</duration>
				<voice>1</voice>
				<type>eighth</type>
				<stem>down</stem>
			</note>
			<note>
				<pitch>
					<step>E</step>
					<octave>4</octave>
				</pitch>
				<duration>4</duration>
				<voice>1</voice>
				<type>quarter</type>
				<stem>down</stem>
				<notations>
					<fermata type="upright"/>
				</notations>
			</note>
			<note>
				<pitch>
					<step>F</step>
					<alter>1</alter>
					<octave>4</octave>
				</pitch>
				<duration>4</duration>
				<voice>1</voice>
				<type>quarter</type>
				<stem>down</stem>
			</note>
		</measure>
		<measure number="4">
			<note>
				<pitch>
					<step>E</step>
					<octave>4</octave>
				</pitch>
				<duration>4</duration>
				<voice>1</voice>
				<type>quarter</type>
				<stem>down</stem>
			</note>
			<note>
				<pitch>
					<step>E</step>
					<octave>4</octave>
				</pitch>
				<duration>2</duration>
				<voice>1</voice>
				<type>eighth</type>
				<stem>down</stem>
				<beam number="1">begin</beam>
			</note>
			<note>
				<pitch>
					<step>D</step>
					<alter>1</alter>
					<octave>4</octave>
				</pitch>
				<duration>2</duration>
				<voice>1</voice>
				<type>eighth</type>
				<stem>down</stem>
				<beam number="1">end</beam>
			</note>
			<note>
				<pitch>
					<step>E</step>
					<octave>4</octave>
				</pitch>
				<duration>4</duration>
				<voice>1</voice>
				<type>quarter</type>
				<stem>down</stem>
			</note>
			<note>
				<pitch>
					<step>C</step>
					<alter>1</alter>
					<octave>4</octave>
				</pitch>
				<duration>4</duration>
				<voice>1</voice>
				<type>quarter</type>
				<stem>down</stem>
			</note>
		</measure>
		<measure number="5">
			<note>
				<pitch>
					<step>F</step>
					<alter>1</alter>
					<octave>4</octave>
				</pitch>
				<duration>2</duration>
				<voice>1</voice>
				<type>eighth</type>
				<stem>down</stem>
				<beam number="1">begin</beam>
			</note>
			<note>
				<pitch>
					<step>E</step>
					<octave>4</octave>
				</pitch>
				<duration>1</duration>
				<voice>1</voice>
				<type>16th</type>
				<stem>down</stem>
				<beam number="1">continue</beam>
				<beam number="2">begin</beam>
			</note>
			<note>
				<pitch>
					<step>D</step>
					<alter>1</alter>
					<octave>4</octave>
				</pitch>
				<duration>1</duration>
				<voice>1</voice>
				<type>16th</type>
				<stem>down</stem>
				<beam number="1">end</beam>
				<beam number="2">end</beam>
			</note>
			<note>
				<pitch>
					<step>E</step>
					<octave>4</octave>
				</pitch>
				<duration>4</duration>
				<voice>1</voice>
				<type>quarter</type>
				<stem>down</stem>
			</note>
			<note>
				<pitch>
					<step>D</step>
					<alter>1</alter>
					<octave>4</octave>
				</pitch>
				<duration>4</duration>
				<voice>1</voice>
				<type>quarter</type>
				<stem>down</stem>
				<notations>
					<fermata type="upright"/>
				</notations>
			</note>
			<barline>
				<bar-style>light-heavy</bar-style>
				<repeat direction="backward"/>
			</barline>
		</measure>
		<measure number="6">
			<note>
				<pitch>
					<step>E</step>
					<octave>4</octave>
				</pitch>
				<duration>2</duration>
				<voice>1</voice>
				<type>eighth</type>
				<stem>down</stem>
				<beam number="1">begin</beam>
			</note>
			<note>
				<pitch>
					<step>F</step>
					<alter>1</alter>
					<octave>4</octave>
				</pitch>
				<duration>2</duration>
				<voice>1</voice>
				<type>eighth</type>
				<stem>down</stem>
				<beam number="1">end</beam>
			</note>
		</measure>
		<measure number="7">
			<note>
				<pitch>
					<step>G</step>
					<alter>1</alter>
					<octave>4</octave>
				</pitch>
				<duration>2</duration>
				<voice>1</voice>
				<type>eighth</type>
				<stem>down</stem>
				<beam number="1">begin</beam>
			</note>
			<note>
				<pitch>
					<step>A</step>
					<alter>1</alter>
					<octave>4</octave>
				</pitch>
				<duration>2</duration>
				<voice>1</voice>
				<type>eighth</type>
				<accidental>sharp</accidental>
				<stem>down</stem>
				<beam number="1">end</beam>
			</note>
			<note>
				<pitch>
					<step>B</step>
					<octave>4</octave>
				</pitch>
				<duration>4</duration>
				<voice>1</voice>
				<type>quarter</type>
				<stem>down</stem>
			</note>
			<note>
				<pitch>
					<step>A</step>
					<alter>1</alter>
					<octave>4</octave>
				</pitch>
				<duration>4</duration>
				<voice>1</voice>
				<type>quarter</type>
				<stem>down</stem>
			</note>
			<note>
				<pitch>
					<step>B</step>
					<octave>4</octave>
				</pitch>
				<duration>4</duration>
				<voice>1</voice>
				<type>quarter</type>
				<stem>down</stem>
			</note>
		</measure>
		<measure number="8">
			<note>
				<pitch>
					<step>B</step>
					<octave>4</octave>
				</pitch>
				<duration>4</duration>
				<voice>1</voice>
				<type>quarter</type>
				<stem>down</stem>
			</note>
			<note>
				<pitch>
					<step>F</step>
					<alter>1</alter>
					<octave>4</octave>
				</pitch>
				<duration>4</duration>
				<voice>1</voice>
				<type>quarter</type>
				<stem>down</stem>
			</note>
			<note>
				<pitch>
					<step>F</step>
					<alter>1</alter>
					<octave>4</octave>
				</pitch>
				<duration>4</duration>
				<voice>1</voice>
				<type>quarter</type>
				<stem>down</stem>
				<notations>
					<fermata type="upright"/>
				</notations>
			</note>
			<note>
				<pitch>
					<step>G</step>
					<alter>1</alter>
					<octave>4</octave>
				</pitch>
				<duration>4</duration>
				<voice>1</voice>
				<type>quarter</type>
				<stem>down</stem>
			</note>
		</measure>
		<measure number="9">
			<note>
				<pitch>
					<step>E</step>
					<octave>4</octave>
				</pitch>
				<duration>2</duration>
				<voice>1</voice>
				<type>eighth</type>
				<stem>down</stem>
				<beam number="1">begin</beam>
			</note>
			<note>
				<pitch>
					<step>F</step>
					<alter>1</alter>
					<octave>4</octave>
				</pitch>
				<duration>2</duration>
				<voice>1</voice>
				<type>eighth</type>
				<stem>down</stem>
				<beam number="1">end</beam>
			</note>
			<note>
				<pitch>
					<step>G</step>
					<alter>1</alter>
					<octave>4</octave>
				</pitch>
				<duration>4</duration>
				<voice>1</voice>
				<type>quarter</type>
				<stem>down</stem>
			</note>
			<note>
				<pitch>
					<step>A</step>
					<octave>4</octave>
				</pitch>
				<duration>4</duration>
				<voice>1</voice>
				<type>quarter</type>
				<stem>down</stem>
			</note>
			<note>
				<pitch>
					<step>E</step>
					<octave>4</octave>
				</pitch>
				<duration>2</duration>
				<voice>1</voice>
				<type>eighth</type>
				<stem>down</stem>
				<beam number="1">begin</beam>
			</note>
			<note>
				<pitch>
					<step>F</step>
					<alter>1</alter>
					<octave>4</octave>
				</pitch>
				<duration>2</duration>
				<voice>1</voice>
				<type>eighth</type>
				<stem>down</stem>
				<beam number="1">end</beam>
			</note>
		</measure>
		<measure number="10">
			<note>
				<pitch>
					<step>G</step>
					<alter>1</alter>
					<octave>4</octave>
				</pitch>
				<duration>4</duration>
				<voice>1</voice>
				<type>quarter</type>
				<stem>down</stem>
			</note>
			<note>
				<pitch>
					<step>F</step>
					<alter>1</alter>
					<octave>4</octave>
				</pitch>
				<duration>4</duration>
				<voice>1</voice>
				<type>quarter</type>
				<stem>down</stem>
			</note>
			<note>
				<pitch>
					<step>E</step>
					<alter>1</alter>
					<octave>4</octave>
				</pitch>
				<duration>4</duration>
				<voice>1</voice>
				<type>quarter</type>
				<accidental>sharp</accidental>
				<stem>down</stem>
				<notations>
					<fermata type="upright"/>
				</notations>
			</note>
			<note>
				<pitch>
					<step>E</step>
					<octave>4</octave>
				</pitch>
				<duration>4</duration>
				<voice>1</voice>
				<type>quarter</type>
				<accidental>natural</accidental>
				<stem>down</stem>
			</note>
		</measure>
		<measure number="11">
			<note>
				<pitch>
					<step>D</step>
					<alter>1</alter>
					<octave>4</octave>
				</pitch>
				<duration>4</duration>
				<voice>1</voice>
				<type>quarter</type>
				<stem>down</stem>
			</note>
			<note>
				<pitch>
					<step>C</step>
					<alter>1</alter>
					<octave>4</octave>
				</pitch>
				<duration>4</duration>
				<voice>1</voice>
				<type>quarter</type>
				<stem>down</stem>
			</note>
			<note>
				<pitch>
					<step>B</step>
					<octave>3</octave>
				</pitch>
				<duration>4</duration>
				<voice>1</voice>
				<type>quarter</type>
				<stem>down</stem>
			</note>
			<note>
				<pitch>
					<step>B</step>
					<octave>3</octave>
				</pitch>
				<duration>4</duration>
				<voice>1</voice>
				<type>quarter</type>
				<stem>down</stem>
			</note>
		</measure>
		<measure number="12">
			<note>
				<pitch>
					<step>C</step>
					<alter>1</alter>
					<octave>4</octave>
				</pitch>
				<duration>4</duration>
				<voice>1</voice>
				<type>quarter</type>
				<stem>down</stem>
			</note>
			<note>
				<pitch>
					<step>B</step>
					<octave>3</octave>
				</pitch>
				<duration>4</duration>
				<voice>1</voice>
				<type>quarter</type>
				<stem>down</stem>
			</note>
			<note>
				<pitch>
					<step>B</step>
					<octave>3</octave>
				</pitch>
				<duration>4</duration>
				<voice>1</voice>
				<type>quarter</type>
				<stem>down</stem>
				<notations>
					<fermata type="upright"/>
				</notations>
			</note>
		</measure>
	</part>

	<part id="P3">
		<measure number="1">
			<attributes>
				<divisions>4</divisions>
			</attributes>
			<attributes>
				<clef>
					<sign>G</sign>
					<line>2</line>
					<clef-octave-change>-1</clef-octave-change>
				</clef>
			</attributes>
			<attributes>
				<key>
					<fifths>4</fifths>
					<mode>major</mode>
				</key>
			</attributes>
			<attributes>
				<time>
					<beats>4</beats>
					<beat-type>4</beat-type>
				</time>
			</attributes>
			<note>
				<pitch>
					<step>E</step>
					<octave>4</octave>
				</pitch>
				<duration>4</duration>
				<voice>1</voice>
				<type>quarter</type>
				<stem>down</stem>
			</note>
		</measure>
		<measure number="2">
			<note>
				<pitch>
					<step>F</step>
					<alter>1</alter>
					<octave>4</octave>
				</pitch>
				<duration>4</duration>
				<voice>1</voice>
				<type>quarter</type>
				<stem>down</stem>
			</note>
			<note>
				<pitch>
					<step>E</step>
					<octave>4</octave>
				</pitch>
				<duration>2</duration>
				<voice>1</voice>
				<type>eighth</type>
				<stem>down</stem>
				<beam number="1">begin</beam>
			</note>
			<note>
				<pitch>
					<step>D</step>
					<alter>1</alter>
					<octave>4</octave>
				</pitch>
				<duration>2</duration>
				<voice>1</voice>
				<type>eighth</type>
				<stem>down</stem>
				<beam number="1">end</beam>
			</note>
			<note>
				<pitch>
					<step>E</step>
					<octave>4</octave>
				</pitch>
				<duration>4</duration>
				<voice>1</voice>
				<type>quarter</type>
				<stem>down</stem>
			</note>
			<note>
				<pitch>
					<step>A</step>
					<octave>3</octave>
				</pitch>
				<duration>2</duration>
				<voice>1</voice>
				<type>eighth</type>
				<stem>down</stem>
				<beam number="1">begin</beam>
			</note>
			<note>
				<pitch>
					<step>B</step>
					<octave>3</octave>
				</pitch>
				<duration>2</duration>
				<voice>1</voice>
				<type>eighth</type>
				<stem>down</stem>
				<beam number="1">end</beam>
			</note>
		</measure>
		<measure number="3">
			<note>
				<pitch>
					<step>C</step>
					<alter>1</alter>
					<octave>4</octave>
				</pitch>
				<duration>1</duration>
				<voice>1</voice>
				<type>16th</type>
				<stem>down</stem>
				<beam number="1">begin</beam>
				<beam number="2">begin</beam>
			</note>
			<note>
				<pitch>
					<step>D</step>
					<octave>4</octave>
				</pitch>
				<duration>1</duration>
				<voice>1</voice>
				<type>16th</type>
				<accidental>natural</accidental>
				<stem>down</stem>
				<beam number="1">end</beam>
				<beam number="2">end</beam>
			</note>
			<note>
				<pitch>
					<step>E</step>
					<octave>4</octave>
				</pitch>
				<duration>4</duration>
				<voice>1</voice>
				<type>quarter</type>
				<stem>down</stem>
			</note>
			<note>
				<pitch>
					<step>D</step>
					<octave>4</octave>
				</pitch>
				<duration>2</duration>
				<voice>1</voice>
				<type>eighth</type>
				<stem>down</stem>
			</note>
			<note>
				<pitch>
					<step>C</step>
					<alter>1</alter>
					<octave>4</octave>
				</pitch>
				<duration>4</duration>
				<voice>1</voice>
				<type>quarter</type>
				<stem>down</stem>
				<notations>
					<fermata type="upright"/>
				</notations>
			</note>
			<note>
				<pitch>
					<step>B</step>
					<octave>3</octave>
				</pitch>
				<duration>4</duration>
				<voice>1</voice>
				<type>quarter</type>
				<stem>down</stem>
			</note>
		</measure>
		<measure number="4">
			<note>
				<pitch>
					<step>B</step>
					<octave>3</octave>
				</pitch>
				<duration>6</duration>
				<voice>1</voice>
				<type>quarter</type>
				<dot/>
				<stem>down</stem>
			</note>
			<note>
				<pitch>
					<step>A</step>
					<octave>3</octave>
				</pitch>
				<duration>2</duration>
				<voice>1</voice>
				<type>eighth</type>
				<stem>down</stem>
			</note>
			<note>
				<pitch>
					<step>G</step>
					<alter>1</alter>
					<octave>3</octave>
				</pitch>
				<duration>4</duration>
				<voice>1</voice>
				<type>quarter</type>
				<stem>down</stem>
			</note>
			<note>
				<pitch>
					<step>F</step>
					<alter>1</alter>
					<octave>3</octave>
				</pitch>
				<duration>4</duration>
				<voice>1</voice>
				<type>quarter</type>
				<stem>down</stem>
			</note>
		</measure>
		<measure number="5">
			<note>
				<pitch>
					<step>F</step>
					<alter>1</alter>
					<octave>3</octave>
				</pitch>
				<duration>2</duration>
				<voice>1</voice>
				<type>eighth</type>
				<stem>down</stem>
			</note>
			<note>
				<pitch>
					<step>B</step>
					<octave>3</octave>
				</pitch>
				<duration>4</duration>
				<voice>1</voice>
				<type>quarter</type>
				<stem>down</stem>
			</note>
			<note>
				<pitch>
					<step>A</step>
					<alter>1</alter>
					<octave>3</octave>
				</pitch>
				<duration>2</duration>
				<voice>1</voice>
				<type>eighth</type>
				<accidental>sharp</accidental>
				<stem>down</stem>
			</note>
			<note>
				<pitch>
					<step>F</step>
					<alter>1</alter>
					<octave>3</octave>
				</pitch>
				<duration>4</duration>
				<voice>1</voice>
				<type>quarter</type>
				<stem>down</stem>
				<notations>
					<fermata type="upright"/>
				</notations>
			</note>
			<barline>
				<bar-style>light-heavy</bar-style>
				<repeat direction="backward"/>
			</barline>
		</measure>
		<measure number="6">
			<note>
				<pitch>
					<step>G</step>
					<alter>1</alter>
					<octave>3</octave>
				</pitch>
				<duration>4</duration>
				<voice>1</voice>
				<type>quarter</type>
				<stem>down</stem>
			</note>
		</measure>
		<measure number="7">
			<note>
				<pitch>
					<step>C</step>
					<alter>1</alter>
					<octave>4</octave>
				</pitch>
				<duration>4</duration>
				<voice>1</voice>
				<type>quarter</type>
				<stem>down</stem>
			</note>
			<note>
				<pitch>
					<step>F</step>
					<alter>1</alter>
					<octave>3</octave>
				</pitch>
				<duration>4</duration>
				<voice>1</voice>
				<type>quarter</type>
				<stem>down</stem>
			</note>
			<note>
				<pitch>
					<step>F</step>
					<alter>1</alter>
					<octave>4</octave>
				</pitch>
				<duration>4</duration>
				<voice>1</voice>
				<type>quarter</type>
				<stem>down</stem>
			</note>
			<note>
				<pitch>
					<step>F</step>
					<alter>1</alter>
					<octave>4</octave>
				</pitch>
				<duration>4</duration>
				<voice>1</voice>
				<type>quarter</type>
				<stem>down</stem>
			</note>
		</measure>
		<measure number="8">
			<note>
				<pitch>
					<step>B</step>
					<octave>3</octave>
				</pitch>
				<duration>4</duration>
				<voice>1</voice>
				<type>quarter</type>
				<stem>down</stem>
			</note>
			<note>
				<pitch>
					<step>A</step>
					<alter>1</alter>
					<octave>3</octave>
				</pitch>
				<duration>4</duration>
				<voice>1</voice>
				<type>quarter</type>
				<accidental>sharp</accidental>
				<stem>down</stem>
			</note>
			<note>
				<pitch>
					<step>D</step>
					<alter>1</alter>
					<octave>4</octave>
				</pitch>
				<duration>4</duration>
				<voice>1</voice>
				<type>quarter</type>
				<stem>down</stem>
				<notations>
					<fermata type="upright"/>
				</notations>
			</note>
			<note>
				<pitch>
					<step>E</step>
					<octave>4</octave>
				</pitch>
				<duration>4</duration>
				<voice>1</voice>
				<type>quarter</type>
				<stem>down</stem>
			</note>
		</measure>
		<measure number="9">
			<note>
				<pitch>
					<step>B</step>
					<octave>3</octave>
				</pitch>
				<duration>4</duration>
				<voice>1</voice>
				<type>quarter</type>
				<stem>down</stem>
			</note>
			<note>
				<pitch>
					<step>E</step>
					<octave>4</octave>
				</pitch>
				<duration>4</duration>
				<voice>1</voice>
				<type>quarter</type>
				<stem>down</stem>
			</note>
			<note>
				<pitch>
					<step>E</step>
					<octave>4</octave>
				</pitch>
				<duration>4</duration>
				<voice>1</voice>
				<type>quarter</type>
				<stem>down</stem>
			</note>
			<note>
				<pitch>
					<step>C</step>
					<alter>1</alter>
					<octave>4</octave>
				</pitch>
				<duration>4</duration>
				<voice>1</voice>
				<type>quarter</type>
				<stem>down</stem>
			</note>
		</measure>
		<measure number="10">
			<note>
				<pitch>
					<step>D</step>
					<octave>4</octave>
				</pitch>
				<duration>4</duration>
				<voice>1</voice>
				<type>quarter</type>
				<accidental>natural</accidental>
				<stem>down</stem>
			</note>
			<note>
				<pitch>
					<step>C</step>
					<alter>1</alter>
					<octave>4</octave>
				</pitch>
				<duration>4</duration>
				<voice>1</voice>
				<type>quarter</type>
				<stem>down</stem>
			</note>
			<note>
				<pitch>
					<step>C</step>
					<alter>1</alter>
					<octave>4</octave>
				</pitch>
				<duration>4</duration>
				<voice>1</voice>
				<type>quarter</type>
				<stem>down</stem>
				<notations>
					<fermata type="upright"/>
				</notations>
			</note>
			<note>
				<pitch>
					<step>B</step>
					<octave>3</octave>
				</pitch>
				<duration>4</duration>
				<tie type="start"/>
				<voice>1</voice>
				<type>quarter</type>
				<stem>down</stem>
				<notations>
					<tied type="start"/>
				</notations>
			</note>
		</measure>
		<measure number="11">
			<note>
				<pitch>
					<step>B</step>
					<octave>3</octave>
				</pitch>
				<duration>4</duration>
				<tie type="stop"/>
				<voice>1</voice>
				<type>quarter</type>
				<stem>down</stem>
				<notations>
					<tied type="stop"/>
				</notations>
			</note>
			<note>
				<pitch>
					<step>E</step>
					<octave>4</octave>
				</pitch>
				<duration>4</duration>
				<voice>1</voice>
				<type>quarter</type>
				<stem>down</stem>
			</note>
			<note>
				<pitch>
					<step>E</step>
					<octave>4</octave>
				</pitch>
				<duration>4</duration>
				<voice>1</voice>
				<type>quarter</type>
				<stem>down</stem>
			</note>
			<note>
				<pitch>
					<step>D</step>
					<alter>1</alter>
					<octave>4</octave>
				</pitch>
				<duration>2</duration>
				<voice>1</voice>
				<type>eighth</type>
				<accidental>sharp</accidental>
				<stem>down</stem>
				<beam number="1">begin</beam>
			</note>
			<note>
				<pitch>
					<step>B</step>
					<octave>3</octave>
				</pitch>
				<duration>2</duration>
				<voice>1</voice>
				<type>eighth</type>
				<stem>down</stem>
				<beam number="1">end</beam>
			</note>
		</measure>
		<measure number="12">
			<note>
				<pitch>
					<step>F</step>
					<alter>1</alter>
					<octave>3</octave>
				</pitch>
				<duration>8</duration>
				<voice>1</voice>
				<type>half</type>
				<stem>down</stem>
			</note>
			<note>
				<pitch>
					<step>G</step>
					<alter>1</alter>
					<octave>3</octave>
				</pitch>
				<duration>4</duration>
				<voice>1</voice>
				<type>quarter</type>
				<stem>down</stem>
				<notations>
					<fermata type="upright"/>
				</notations>
			</note>
		</measure>
	</part>

	<part id="P4">
		<measure number="1">
			<attributes>
				<divisions>4</divisions>
			</attributes>
			<attributes>
				<clef>
					<sign>F</sign>
					<line>4</line>
				</clef>
			</attributes>
			<attributes>
				<key>
					<fifths>4</fifths>
					<mode>major</mode>
				</key>
			</attributes>
			<attributes>
				<time>
					<beats>4</beats>
					<beat-type>4</beat-type>
				</time>
			</attributes>
			<note>
				<pitch>
					<step>E</step>
					<octave>3</octave>
				</pitch>
				<duration>4</duration>
				<voice>1</voice>
				<type>quarter</type>
				<stem>down</stem>
			</note>
		</measure>
		<measure number="2">
			<note>
				<pitch>
					<step>D</step>
					<alter>1</alter>
					<octave>3</octave>
				</pitch>
				<duration>4</duration>
				<voice>1</voice>
				<type>quarter</type>
				<stem>down</stem>
			</note>
			<note>
				<pitch>
					<step>B</step>
					<octave>2</octave>
				</pitch>
				<duration>4</duration>
				<voice>1</voice>
				<type>quarter</type>
				<stem>down</stem>
			</note>
			<note>
				<pitch>
					<step>E</step>
					<octave>3</octave>
				</pitch>
				<duration>4</duration>
				<voice>1</voice>
				<type>quarter</type>
				<stem>down</stem>
			</note>
			<note>
				<pitch>
					<step>F</step>
					<alter>1</alter>
					<octave>3</octave>
				</pitch>
				<duration>2</duration>
				<voice>1</voice>
				<type>eighth</type>
				<stem>down</stem>
				<beam number="1">begin</beam>
			</note>
			<note>
				<pitch>
					<step>G</step>
					<alter>1</alter>
					<octave>3</octave>
				</pitch>
				<duration>2</duration>
				<voice>1</voice>
				<type>eighth</type>
				<stem>down</stem>
				<beam number="1">end</beam>
			</note>
		</measure>
		<measure number="3">
			<note>
				<pitch>
					<step>A</step>
					<octave>3</octave>
				</pitch>
				<duration>4</duration>
				<voice>1</voice>
				<type>quarter</type>
				<stem>down</stem>
			</note>
			<note>
				<pitch>
					<step>E</step>
					<octave>3</octave>
				</pitch>
				<duration>4</duration>
				<voice>1</voice>
				<type>quarter</type>
				<stem>down</stem>
			</note>
			<note>
				<pitch>
					<step>A</step>
					<octave>2</octave>
				</pitch>
				<duration>4</duration>
				<voice>1</voice>
				<type>quarter</type>
				<stem>down</stem>
				<notations>
					<fermata type="upright"/>
				</notations>
			</note>
			<note>
				<pitch>
					<step>D</step>
					<alter>1</alter>
					<octave>3</octave>
				</pitch>
				<duration>4</duration>
				<voice>1</voice>
				<type>quarter</type>
				<stem>down</stem>
			</note>
		</measure>
		<measure number="4">
			<note>
				<pitch>
					<step>E</step>
					<octave>3</octave>
				</pitch>
				<duration>2</duration>
				<voice>1</voice>
				<type>eighth</type>
				<stem>down</stem>
				<beam number="1">begin</beam>
			</note>
			<note>
				<pitch>
					<step>F</step>
					<alter>1</alter>
					<octave>3</octave>
				</pitch>
				<duration>2</duration>
				<voice>1</voice>
				<type>eighth</type>
				<stem>down</stem>
				<beam number="1">end</beam>
			</note>
			<note>
				<pitch>
					<step>G</step>
					<alter>1</alter>
					<octave>3</octave>
				</pitch>
				<duration>4</duration>
				<voice>1</voice>
				<type>quarter</type>
				<stem>down</stem>
			</note>
			<note>
				<pitch>
					<step>C</step>
					<alter>1</alter>
					<octave>3</octave>
				</pitch>
				<duration>4</duration>
				<voice>1</voice>
				<type>quarter</type>
				<stem>down</stem>
			</note>
			<note>
				<pitch>
					<step>F</step>
					<alter>1</alter>
					<octave>3</octave>
				</pitch>
				<duration>2</duration>
				<voice>1</voice>
				<type>eighth</type>
				<stem>down</stem>
				<beam number="1">begin</beam>
			</note>
			<note>
				<pitch>
					<step>E</step>
					<octave>3</octave>
				</pitch>
				<duration>2</duration>
				<voice>1</voice>
				<type>eighth</type>
				<stem>down</stem>
				<beam number="1">end</beam>
			</note>
		</measure>
		<measure number="5">
			<note>
				<pitch>
					<step>D</step>
					<alter>1</alter>
					<octave>3</octave>
				</pitch>
				<duration>2</duration>
				<voice>1</voice>
				<type>eighth</type>
				<stem>down</stem>
				<beam number="1">begin</beam>
			</note>
			<note>
				<pitch>
					<step>C</step>
					<alter>1</alter>
					<octave>3</octave>
				</pitch>
				<duration>1</duration>
				<voice>1</voice>
				<type>16th</type>
				<stem>down</stem>
				<beam number="1">continue</beam>
				<beam number="2">begin</beam>
			</note>
			<note>
				<pitch>
					<step>B</step>
					<octave>2</octave>
				</pitch>
				<duration>1</duration>
				<voice>1</voice>
				<type>16th</type>
				<stem>down</stem>
				<beam number="1">end</beam>
				<beam number="2">end</beam>
			</note>
			<note>
				<pitch>
					<step>F</step>
					<alter>1</alter>
					<octave>3</octave>
				</pitch>
				<duration>4</duration>
				<voice>1</voice>
				<type>quarter</type>
				<stem>down</stem>
			</note>
			<note>
				<pitch>
					<step>B</step>
					<octave>2</octave>
				</pitch>
				<duration>4</duration>
				<voice>1</voice>
				<type>quarter</type>
				<stem>down</stem>
				<notations>
					<fermata type="upright"/>
				</notations>
			</note>
			<barline>
				<bar-style>light-heavy</bar-style>
				<repeat direction="backward"/>
			</barline>
		</measure>
		<measure number="6">
			<note>
				<pitch>
					<step>E</step>
					<octave>3</octave>
				</pitch>
				<duration>4</duration>
				<voice>1</voice>
				<type>quarter</type>
				<stem>down</stem>
			</note>
		</measure>
		<measure number="7">
			<note>
				<pitch>
					<step>C</step>
					<alter>1</alter>
					<octave>3</octave>
				</pitch>
				<duration>4</duration>
				<voice>1</voice>
				<type>quarter</type>
				<stem>down</stem>
			</note>
			<note>
				<pitch>
					<step>D</step>
					<alter>1</alter>
					<octave>3</octave>
				</pitch>
				<duration>2</duration>
				<voice>1</voice>
				<type>eighth</type>
				<stem>down</stem>
				<beam number="1">begin</beam>
			</note>
			<note>
				<pitch>
					<step>E</step>
					<octave>3</octave>
				</pitch>
				<duration>2</duration>
				<voice>1</voice>
				<type>eighth</type>
				<stem>down</stem>
				<beam number="1">end</beam>
			</note>
			<note>
				<pitch>
					<step>F</step>
					<alter>1</alter>
					<octave>3</octave>
				</pitch>
				<duration>4</duration>
				<voice>1</voice>
				<type>quarter</type>
				<stem>down</stem>
			</note>
			<note>
				<pitch>
					<step>B</step>
					<octave>3</octave>
				</pitch>
				<duration>4</duration>
				<voice>1</voice>
				<type>quarter</type>
				<stem>down</stem>
			</note>
		</measure>
		<measure number="8">
			<note>
				<pitch>
					<step>G</step>
					<alter>1</alter>
					<octave>3</octave>
				</pitch>
				<duration>2</duration>
				<voice>1</voice>
				<type>eighth</type>
				<stem>down</stem>
				<beam number="1">begin</beam>
			</note>
			<note>
				<pitch>
					<step>E</step>
					<octave>3</octave>
				</pitch>
				<duration>2</duration>
				<voice>1</voice>
				<type>eighth</type>
				<stem>down</stem>
				<beam number="1">end</beam>
			</note>
			<note>
				<pitch>
					<step>F</step>
					<alter>1</alter>
					<octave>3</octave>
				</pitch>
				<duration>4</duration>
				<voice>1</voice>
				<type>quarter</type>
				<stem>down</stem>
			</note>
			<note>
				<pitch>
					<step>B</step>
					<octave>2</octave>
				</pitch>
				<duration>4</duration>
				<voice>1</voice>
				<type>quarter</type>
				<stem>down</stem>
				<notations>
					<fermata type="upright"/>
				</notations>
			</note>
			<note>
				<pitch>
					<step>E</step>
					<octave>3</octave>
				</pitch>
				<duration>4</duration>
				<voice>1</voice>
				<type>quarter</type>
				<stem>down</stem>
			</note>
		</measure>
		<measure number="9">
			<note>
				<pitch>
					<step>G</step>
					<alter>1</alter>
					<octave>3</octave>
				</pitch>
				<duration>4</duration>
				<voice>1</voice>
				<type>quarter</type>
				<stem>down</stem>
			</note>
			<note>
				<pitch>
					<step>E</step>
					<octave>3</octave>
				</pitch>
				<duration>4</duration>
				<voice>1</voice>
				<type>quarter</type>
				<stem>down</stem>
			</note>
			<note>
				<pitch>
					<step>A</step>
					<octave>3</octave>
				</pitch>
				<duration>2</duration>
				<voice>1</voice>
				<type>eighth</type>
				<accidental>natural</accidental>
				<stem>down</stem>
				<beam number="1">begin</beam>
			</note>
			<note>
				<pitch>
					<step>B</step>
					<octave>3</octave>
				</pitch>
				<duration>2</duration>
				<voice>1</voice>
				<type>eighth</type>
				<stem>down</stem>
				<beam number="1">end</beam>
			</note>
			<note>
				<pitch>
					<step>C</step>
					<alter>1</alter>
					<octave>4</octave>
				</pitch>
				<duration>4</duration>
				<voice>1</voice>
				<type>quarter</type>
				<stem>down</stem>
			</note>
		</measure>
		<measure number="10">
			<note>
				<pitch>
					<step>E</step>
					<alter>1</alter>
					<octave>3</octave>
				</pitch>
				<duration>4</duration>
				<voice>1</voice>
				<type>quarter</type>
				<accidental>sharp</accidental>
				<stem>down</stem>
			</note>
			<note>
				<pitch>
					<step>F</step>
					<alter>1</alter>
					<octave>3</octave>
				</pitch>
				<duration>4</duration>
				<voice>1</voice>
				<type>quarter</type>
				<stem>down</stem>
			</note>
			<note>
				<pitch>
					<step>C</step>
					<alter>1</alter>
					<octave>3</octave>
				</pitch>
				<duration>4</duration>
				<voice>1</voice>
				<type>quarter</type>
				<stem>down</stem>
				<notations>
					<fermata type="upright"/>
				</notations>
			</note>
			<note>
				<pitch>
					<step>E</step>
					<octave>3</octave>
				</pitch>
				<duration>4</duration>
				<voice>1</voice>
				<type>quarter</type>
				<accidental>natural</accidental>
				<stem>down</stem>
			</note>
		</measure>
		<measure number="11">
			<note>
				<pitch>
					<step>B</step>
					<octave>2</octave>
				</pitch>
				<duration>4</duration>
				<voice>1</voice>
				<type>quarter</type>
				<stem>down</stem>
			</note>
			<note>
				<pitch>
					<step>C</step>
					<alter>1</alter>
					<octave>3</octave>
				</pitch>
				<duration>2</duration>
				<voice>1</voice>
				<type>eighth</type>
				<stem>down</stem>
				<beam number="1">begin</beam>
			</note>
			<note>
				<pitch>
					<step>D</step>
					<alter>1</alter>
					<octave>3</octave>
				</pitch>
				<duration>2</duration>
				<voice>1</voice>
				<type>eighth</type>
				<stem>down</stem>
				<beam number="1">end</beam>
			</note>
			<note>
				<pitch>
					<step>E</step>
					<octave>3</octave>
				</pitch>
				<duration>4</duration>
				<voice>1</voice>
				<type>quarter</type>
				<stem>down</stem>
			</note>
			<note>
				<pitch>
					<step>B</step>
					<octave>2</octave>
				</pitch>
				<duration>4</duration>
				<voice>1</voice>
				<type>quarter</type>
				<stem>down</stem>
			</note>
		</measure>
		<measure number="12">
			<note>
				<pitch>
					<step>A</step>
					<alter>1</alter>
					<octave>2</octave>
				</pitch>
				<duration>4</duration>
				<voice>1</voice>
				<type>quarter</type>
				<accidental>sharp</accidental>
				<stem>down</stem>
			</note>
			<note>
				<pitch>
					<step>B</step>
					<octave>2</octave>
				</pitch>
				<duration>4</duration>
				<voice>1</voice>
				<type>quarter</type>
				<stem>down</stem>
			</note>
			<note>
				<pitch>
					<step>E</step>
					<octave>2</octave>
				</pitch>
				<duration>4</duration>
				<voice>1</voice>
				<type>quarter</type>
				<stem>down</stem>
				<notations>
					<fermata type="upright"/>
				</notations>
			</note>
		</measure>
	</part>
</score-partwise>
<!-- INFO key="hum2abc" value="-Q ''" -->
<!-- INFO key="title" value="@{PC#}. @{OTL@@DE}" -->
<!-- INFO key="YOR1" value="371 vierstimmige Choralges&auml;nge von Johann Sebastian Bach, " -->
<!-- INFO key="YOR2" value="4th ed. by Alfred D&ouml;rffel (Leipzig: Breitkopf und H&auml;rtel, " -->
<!-- INFO key="YOR2" value="c. 1875). 178 pp. Plate "V.A.10".  reprint: J.S. Bach, 371 Four-Part " -->
<!-- INFO key="YOR4" value="Chorales (New York: Associated Music Publishers, Inc., c.1940)." -->
<!-- INFO key="EED" value=" Craig Stuart Sapp" -->
<!-- INFO key="EEV" value=" 2009/05/22" -->
